genre,n_total,n_human,n_ai,ratio_human,ratio_ai,pre_human,rec_human,f1_human,pre_ai,rec_ai,f1_ai,pre_macro,rec_macro,f1_macro
News,3460.0,710.0,2750.0,0.20520231213872833,0.7947976878612717,0.917,0.924,0.921,0.98,0.979,0.979,0.949,0.951,0.95
Reviews,4294.0,849.0,3445.0,0.19771774569166278,0.8022822543083372,0.663,0.833,0.738,0.956,0.896,0.925,0.809,0.864,0.831
Poetry,100.0,50.0,50.0,0.5,0.5,0.577,0.82,0.678,0.69,0.4,0.506,0.634,0.61,0.592
Column,200.0,100.0,100.0,0.5,0.5,0.51,0.99,0.673,0.833,0.05,0.094,0.672,0.52,0.384
Essays,1553.0,258.0,1295.0,0.16613007083065034,0.8338699291693497,1.0,0.814,0.897,0.964,1.0,0.982,0.982,0.907,0.94
Unweighted mean,1921.4,393.4,1528.0,0.314,0.686,0.733,0.876,0.781,0.885,0.665,0.697,0.809,0.77,0.739
